Title,Price,Rating,Availability
A Light in the Attic,Â£51.77,Three,In stock
Tipping the Velvet,Â£53.74,One,In stock
Soumission,Â£50.10,One,In stock
Sharp Objects,Â£47.82,Four,In stock
Sapiens: A Brief History of Humankind,Â£54.23,Five,In stock
The Requiem Red,Â£22.65,One,In stock
The Dirty Little Secrets of Getting Your Dream Job,Â£33.34,Four,In stock
"The Coming Woman: A Novel Based on the Life of the Infamous Feminist, Victoria Woodhull",Â£17.93,Three,In stock
The Boys in the Boat: Nine Americans and Their Epic Quest for Gold at the 1936 Berlin Olympics,Â£22.60,Four,In stock
The Black Maria,Â£52.15,One,In stock
"Starving Hearts (Triangular Trade Trilogy, #1)",Â£13.99,Two,In stock
Shakespeare's Sonnets,Â£20.66,Four,In stock
Set Me Free,Â£17.46,Five,In stock
Scott Pilgrim's Precious Little Life (Scott Pilgrim #1),Â£52.29,Five,In stock
Rip it Up and Start Again,Â£35.02,Five,In stock
"Our Band Could Be Your Life: Scenes from the American Indie Underground, 1981-1991",Â£57.25,Three,In stock
Olio,Â£23.88,One,In stock
Mesaerion: The Best Science Fiction Stories 1800-1849,Â£37.59,One,In stock
Libertarianism for Beginners,Â£51.33,Two,In stock
It's Only the Himalayas,Â£45.17,Two,In stock
In Her Wake,Â£12.84,One,In stock
How Music Works,Â£37.32,Two,In stock
"Foolproof Preserving: A Guide to Small Batch Jams, Jellies, Pickles, Condiments, and More: A Foolproof Guide to Making Small Batch Jams, Jellies, Pickles, Condiments, and More",Â£30.52,Three,In stock
Chase Me (Paris Nights #2),Â£25.27,Five,In stock
Black Dust,Â£34.53,Five,In stock
Birdsong: A Story in Pictures,Â£54.64,Three,In stock
America's Cradle of Quarterbacks: Western Pennsylvania's Football Factory from Johnny Unitas to Joe Montana,Â£22.50,Three,In stock
Aladdin and His Wonderful Lamp,Â£53.13,Three,In stock
Worlds Elsewhere: Journeys Around Shakespeareâs Globe,Â£40.30,Five,In stock
Wall and Piece,Â£44.18,Four,In stock
The Four Agreements: A Practical Guide to Personal Freedom,Â£17.66,Five,In stock
The Five Love Languages: How to Express Heartfelt Commitment to Your Mate,Â£31.05,Three,In stock
The Elephant Tree,Â£23.82,Five,In stock
The Bear and the Piano,Â£36.89,One,In stock
Sophie's World,Â£15.94,Five,In stock
Penny Maybe,Â£33.29,Three,In stock
Maude (1883-1993):She Grew Up with the country,Â£18.02,Two,In stock
"In a Dark, Dark Wood",Â£19.63,One,In stock
Behind Closed Doors,Â£52.22,Four,In stock
You can't bury them all: Poems,Â£33.63,Two,In stock
Slow States of Collapse: Poems,Â£57.31,Three,In stock
Reasons to Stay Alive,Â£26.41,Two,In stock
Private Paris (Private #10),Â£47.61,Five,In stock
#HigherSelfie: Wake Up Your Life. Free Your Soul. Find Your Tribe.,Â£23.11,Five,In stock
Without Borders (Wanderlove #1),Â£45.07,Two,In stock
When We Collided,Â£31.77,One,In stock
"We Love You, Charlie Freeman",Â£50.27,Five,In stock
Untitled Collection: Sabbath Poems 2014,Â£14.27,Four,In stock
"Unseen City: The Majesty of Pigeons, the Discreet Charm of Snails & Other Wonders of the Urban Wilderness",Â£44.18,Four,In stock
Unicorn Tracks,Â£18.78,Three,In stock
"Unbound: How Eight Technologies Made Us Human, Transformed Society, and Brought Our World to the Brink",Â£25.52,One,In stock
Tsubasa: WoRLD CHRoNiCLE 2 (Tsubasa WoRLD CHRoNiCLE #2),Â£16.28,One,In stock
Throwing Rocks at the Google Bus: How Growth Became the Enemy of Prosperity,Â£31.12,Three,In stock
This One Summer,Â£19.49,Four,In stock
Thirst,Â£17.27,Five,In stock
The Torch Is Passed: A Harding Family Story,Â£19.09,One,In stock
The Secret of Dreadwillow Carse,Â£56.13,One,In stock
"The Pioneer Woman Cooks: Dinnertime: Comfort Classics, Freezer Food, 16-Minute Meals, and Other Delicious Ways to Solve Supper!",Â£56.41,One,In stock
The Past Never Ends,Â£56.50,Four,In stock
The Natural History of Us (The Fine Art of Pretending #2),Â£45.22,Three,In stock
The Nameless City (The Nameless City #1),Â£38.16,Four,In stock
The Murder That Never Was (Forensic Instincts #5),Â£54.11,Three,In stock
The Most Perfect Thing: Inside (and Outside) a Bird's Egg,Â£42.96,Four,In stock
"The Mindfulness and Acceptance Workbook for Anxiety: A Guide to Breaking Free from Anxiety, Phobias, and Worry Using Acceptance and Commitment Therapy",Â£23.89,Four,In stock
The Life-Changing Magic of Tidying Up: The Japanese Art of Decluttering and Organizing,Â£16.77,Three,In stock
"The Inefficiency Assassin: Time Management Tactics for Working Smarter, Not Longer",Â£20.59,Five,In stock
The Gutsy Girl: Escapades for Your Life of Epic Adventure,Â£37.13,One,In stock
The Electric Pencil: Drawings from Inside State Hospital No. 3,Â£56.06,One,In stock
The Death of Humanity: and the Case for Life,Â£58.11,Four,In stock
"The Bulletproof Diet: Lose up to a Pound a Day, Reclaim Energy and Focus, Upgrade Your Life",Â£49.05,Three,In stock
The Art Forger,Â£40.76,Three,In stock
The Age of Genius: The Seventeenth Century and the Birth of the Modern Mind,Â£19.73,One,In stock
The Activist's Tao Te Ching: Ancient Advice for a Modern Revolution,Â£32.24,Five,In stock
Spark Joy: An Illustrated Master Class on the Art of Organizing and Tidying Up,Â£41.83,Four,In stock
Soul Reader,Â£39.58,Two,In stock
Security,Â£39.25,Two,In stock
"Saga, Volume 6 (Saga (Collected Editions) #6)",Â£25.02,Three,In stock
"Saga, Volume 5 (Saga (Collected Editions) #5)",Â£51.04,Two,In stock
Reskilling America: Learning to Labor in the Twenty-First Century,Â£19.83,Two,In stock
"Rat Queens, Vol. 3: Demons (Rat Queens (Collected Editions) #11-15)",Â£50.40,Three,In stock
"Princess Jellyfish 2-in-1 Omnibus, Vol. 01 (Princess Jellyfish 2-in-1 Omnibus #1)",Â£13.61,Five,In stock
Princess Between Worlds (Wide-Awake Princess #5),Â£13.34,Five,In stock
"Pop Gun War, Volume 1: Gift",Â£18.97,One,In stock
"Political Suicide: Missteps, Peccadilloes, Bad Calls, Backroom Hijinx, Sordid Pasts, Rotten Breaks, and Just Plain Dumb Mistakes in the Annals of American Politics",Â£36.28,Two,In stock
Patience,Â£10.16,Three,In stock
"Outcast, Vol. 1: A Darkness Surrounds Him (Outcast #1)",Â£15.44,Four,In stock
orange: The Complete Collection 1 (orange: The Complete Collection #1),Â£48.41,One,In stock
Online Marketing for Busy Authors: A Step-By-Step Guide,Â£46.35,One,In stock
On a Midnight Clear,Â£14.07,Three,In stock
Obsidian (Lux #1),Â£14.86,Two,In stock
My Paris Kitchen: Recipes and Stories,Â£33.37,Two,In stock
Masks and Shadows,Â£56.40,Two,In stock
"Mama Tried: Traditional Italian Cooking for the Screwed, Crude, Vegan, and Tattooed",Â£14.02,Four,In stock
"Lumberjanes, Vol. 2: Friendship to the Max (Lumberjanes #5-8)",Â£46.91,Two,In stock
"Lumberjanes, Vol. 1: Beware the Kitten Holy (Lumberjanes #1-4)",Â£45.61,Three,In stock
Lumberjanes Vol. 3: A Terrible Plan (Lumberjanes #9-12),Â£19.92,Two,In stock
"Layered: Baking, Building, and Styling Spectacular Cakes",Â£40.11,One,In stock
Judo: Seven Steps to Black Belt (an Introductory Guide for Beginners),Â£53.90,Two,In stock
Join,Â£35.67,Five,In stock
In the Country We Love: My Family Divided,Â£22.00,Four,In stock
Immunity: How Elie Metchnikoff Changed the Course of Modern Medicine,Â£57.36,Five,In stock
"I Hate Fairyland, Vol. 1: Madly Ever After (I Hate Fairyland (Compilations) #1-5)",Â£29.17,Two,In stock
I am a Hero Omnibus Volume 1,Â£54.63,Three,In stock
How to Be Miserable: 40 Strategies You Already Use,Â£46.03,One,In stock
Her Backup Boyfriend (The Sorensen Family #1),Â£33.97,One,In stock
"Giant Days, Vol. 2 (Giant Days #5-8)",Â£22.11,Two,In stock
Forever and Forever: The Courtship of Henry Longfellow and Fanny Appleton,Â£29.69,Three,In stock
First and First (Five Boroughs #3),Â£15.97,Four,In stock
Fifty Shades Darker (Fifty Shades #2),Â£21.96,One,In stock
Everydata: The Misinformation Hidden in the Little Data You Consume Every Day,Â£54.35,Two,In stock
"Don't Be a Jerk: And Other Practical Advice from Dogen, Japan's Greatest Zen Master",Â£37.97,Two,In stock
Danganronpa Volume 1,Â£51.99,Four,In stock
Crown of Midnight (Throne of Glass #2),Â£43.29,Three,In stock
"Codename Baboushka, Volume 1: The Conclave of Death",Â£36.72,Four,In stock
Camp Midnight,Â£17.08,Four,In stock
Call the Nurse: True Stories of a Country Nurse on a Scottish Isle,Â£29.14,Five,In stock
Burning,Â£28.81,Three,In stock
Bossypants,Â£49.46,Two,In stock
"Bitch Planet, Vol. 1: Extraordinary Machine (Bitch Planet (Collected Editions))",Â£37.92,Two,In stock
"Avatar: The Last Airbender: Smoke and Shadow, Part 3 (Smoke and Shadow #3)",Â£28.09,Two,In stock
Algorithms to Live By: The Computer Science of Human Decisions,Â£30.81,One,In stock
A World of Flavor: Your Gluten Free Passport,Â£42.95,One,In stock
"A Piece of Sky, a Grain of Rice: A Memoir in Four Meditations",Â£56.76,Five,In stock
A Murder in Time,Â£16.64,One,In stock
A Flight of Arrows (The Pathfinders #2),Â£55.53,Five,In stock
A Fierce and Subtle Poison,Â£28.13,Four,In stock
A Court of Thorns and Roses (A Court of Thorns and Roses #1),Â£52.37,One,In stock
(Un)Qualified: How God Uses Broken People to Do Big Things,Â£54.00,Five,In stock
You Are What You Love: The Spiritual Power of Habit,Â£21.87,Four,In stock
"William Shakespeare's Star Wars: Verily, A New Hope (William Shakespeare's Star Wars #4)",Â£43.30,Four,In stock
Tuesday Nights in 1980,Â£21.04,Two,In stock
Tracing Numbers on a Train,Â£41.60,Three,In stock
Throne of Glass (Throne of Glass #1),Â£35.07,Three,In stock
Thomas Jefferson and the Tripoli Pirates: The Forgotten War That Changed American History,Â£59.64,One,In stock
Thirteen Reasons Why,Â£52.72,One,In stock
The White Cat and the Monk: A Retelling of the Poem âPangur BÃ¡nâ,Â£58.08,Four,In stock
The Wedding Dress,Â£24.12,One,In stock
The Vacationers,Â£42.15,Four,In stock
The Third Wave: An Entrepreneurâs Vision of the Future,Â£12.61,Five,In stock
The Stranger,Â£17.44,Four,In stock
The Shadow Hero (The Shadow Hero),Â£33.14,One,In stock
The Secret (The Secret #1),Â£27.37,Four,In stock
The Regional Office Is Under Attack!,Â£51.36,Five,In stock
The Psychopath Test: A Journey Through the Madness Industry,Â£36.00,Two,In stock
The Project,Â£10.65,One,In stock
The Power of Now: A Guide to Spiritual Enlightenment,Â£43.54,Two,In stock
The Omnivore's Dilemma: A Natural History of Four Meals,Â£38.21,Two,In stock
The Nerdy Nummies Cookbook: Sweet Treats for the Geek in All of Us,Â£37.34,Five,In stock
The Murder of Roger Ackroyd (Hercule Poirot #4),Â£44.10,Four,In stock
The Mistake (Off-Campus #2),Â£43.29,Three,In stock
The Matchmaker's Playbook (Wingmen Inc. #1),Â£55.85,One,In stock
The Love and Lemons Cookbook: An Apple-to-Zucchini Celebration of Impromptu Cooking,Â£37.60,Two,In stock
The Long Shadow of Small Ghosts: Murder and Memory in an American City,Â£10.97,One,In stock
The Kite Runner,Â£41.82,Four,In stock
The House by the Lake,Â£36.95,One,In stock
The Glittering Court (The Glittering Court #1),Â£44.28,One,In stock
The Girl on the Train,Â£55.02,Two,In stock
The Genius of Birds,Â£17.24,One,In stock
The Emerald Mystery,Â£23.15,Two,In stock
The Cookies & Cups Cookbook: 125+ sweet & savory recipes reminding you to Always Eat Dessert First,Â£41.25,One,In stock
The Bridge to Consciousness: I'm Writing the Bridge Between Science and Our Old and New Beliefs.,Â£32.00,Three,In stock
The Artist's Way: A Spiritual Path to Higher Creativity,Â£38.49,Five,In stock
The Art of War,Â£33.34,Five,In stock
The Argonauts,Â£10.93,Two,In stock
The 10% Entrepreneur: Live Your Startup Dream Without Quitting Your Day Job,Â£27.55,Three,In stock
Suddenly in Love (Lake Haven #1),Â£55.99,Two,In stock
Something More Than This,Â£16.24,Four,In stock
Soft Apocalypse,Â£26.12,Two,In stock
So You've Been Publicly Shamed,Â£12.23,Two,In stock
Shoe Dog: A Memoir by the Creator of NIKE,Â£23.99,Two,In stock
"Shobu Samurai, Project Aryoku (#3)",Â£29.06,Three,In stock
Secrets and Lace (Fatal Hearts #1),Â£20.27,One,In stock
Scarlett Epstein Hates It Here,Â£43.55,Five,In stock
Romero and Juliet: A Tragic Tale of Love and Zombies,Â£36.94,One,In stock
Redeeming Love,Â£20.47,Five,In stock
Poses for Artists Volume 1 - Dynamic and Sitting Poses: An Essential Reference for Figure Drawing and the Human Form,Â£41.06,One,In stock
Poems That Make Grown Women Cry,Â£14.19,Four,In stock
"Nightingale, Sing",Â£38.28,One,In stock
Night Sky with Exit Wounds,Â£41.05,One,In stock
Mrs. Houdini,Â£30.25,Five,In stock
Modern Romance,Â£28.26,Five,In stock
Miss Peregrineâs Home for Peculiar Children (Miss Peregrineâs Peculiar Children #1),Â£10.76,One,In stock
Louisa: The Extraordinary Life of Mrs. Adams,Â£16.85,Two,In stock
Little Red,Â£13.47,Three,In stock
Library of Souls (Miss Peregrineâs Peculiar Children #3),Â£48.56,Five,In stock
Large Print Heart of the Pride,Â£19.15,Two,In stock
I Had a Nice Time And Other Lies...: How to find love & sh*t like that,Â£57.36,Four,In stock
Hollow City (Miss Peregrineâs Peculiar Children #2),Â£42.98,One,In stock
Grumbles,Â£22.16,Two,In stock
Full Moon over Noahâs Ark: An Odyssey to Mount Ararat and Beyond,Â£49.43,Four,In stock
Frostbite (Vampire Academy #2),Â£29.99,Five,In stock
Follow You Home,Â£21.36,One,In stock
First Steps for New Christians (Print Edition),Â£29.00,One,In stock
Finders Keepers (Bill Hodges Trilogy #2),Â£53.53,Five,In stock
"Fables, Vol. 1: Legends in Exile (Fables #1)",Â£41.62,Four,In stock
Eureka Trivia 6.0,Â£54.59,Four,In stock
Drive: The Surprising Truth About What Motivates Us,Â£34.95,Four,In stock
Done Rubbed Out (Reightman & Bailey #1),Â£37.72,Five,In stock
Doing It Over (Most Likely To #1),Â£35.61,Three,In stock
"Deliciously Ella Every Day: Quick and Easy Recipes for Gluten-Free Snacks, Packed Lunches, and Simple Meals",Â£42.16,Three,In stock
Dark Notes,Â£19.19,Five,In stock
"Daring Greatly: How the Courage to Be Vulnerable Transforms the Way We Live, Love, Parent, and Lead",Â£19.43,Three,In stock
Close to You,Â£49.46,Four,In stock
Chasing Heaven: What Dying Taught Me About Living,Â£37.80,Two,In stock
Big Magic: Creative Living Beyond Fear,Â£30.80,Three,In stock
Becoming Wise: An Inquiry into the Mystery and Art of Living,Â£27.43,Two,In stock
Beauty Restored (Riley Family Legacy Novellas #3),Â£11.11,Two,In stock
Batman: The Long Halloween (Batman),Â£36.50,Two,In stock
Batman: The Dark Knight Returns (Batman),Â£15.38,Five,In stock
Ayumi's Violin,Â£15.48,Two,In stock
Anonymous,Â£46.82,Four,In stock
Amy Meets the Saints and Sages,Â£18.46,Three,In stock
Amid the Chaos,Â£36.58,One,In stock
Amatus,Â£50.54,Five,In stock
Agnostic: A Spirited Manifesto,Â£12.51,Five,In stock
Zealot: The Life and Times of Jesus of Nazareth,Â£24.70,Three,In stock
You (You #1),Â£43.61,Five,In stock
"Wonder Woman: Earth One, Volume One (Wonder Woman: Earth One #1)",Â£37.34,Four,In stock
Wild Swans,Â£14.36,Two,In stock
Why the Right Went Wrong: Conservatism--From Goldwater to the Tea Party and Beyond,Â£52.65,Four,In stock
Whole Lotta Creativity Going On: 60 Fun and Unusual Exercises to Awaken and Strengthen Your Creativity,Â£38.20,Four,In stock
What's It Like in Space?: Stories from Astronauts Who've Been There,Â£19.60,Two,In stock
"We Are Robin, Vol. 1: The Vigilante Business (We Are Robin #1)",Â£53.90,One,In stock
Walt Disney's Alice in Wonderland,Â£12.96,Five,In stock
V for Vendetta (V for Vendetta Complete),Â£37.10,Four,In stock
Until Friday Night (The Field Party #1),Â£46.31,Two,In stock
"Unbroken: A World War II Story of Survival, Resilience, and Redemption",Â£45.95,Two,In stock
Twenty Yawns,Â£22.08,Two,In stock
Through the Woods,Â£25.38,Two,In stock
This Is Where It Ends,Â£27.12,Two,In stock
The Year of Magical Thinking,Â£43.04,Two,In stock
The Wright Brothers,Â£56.80,Four,In stock
The White Queen (The Cousins' War #1),Â£25.91,Five,In stock
The Wedding Pact (The O'Malleys #2),Â£32.61,Three,In stock
The Time Keeper,Â£27.88,Five,In stock
The Testament of Mary,Â£52.67,Four,In stock
The Star-Touched Queen,Â£46.02,Five,In stock
The Songs of the Gods,Â£44.48,Five,In stock
The Song of Achilles,Â£37.40,Five,In stock
The Rosie Project (Don Tillman #1),Â£54.04,One,In stock
The Power of Habit: Why We Do What We Do in Life and Business,Â£16.88,Three,In stock
The Marriage of Opposites,Â£28.08,Four,In stock
The Lucifer Effect: Understanding How Good People Turn Evil,Â£10.40,One,In stock
The Long Haul (Diary of a Wimpy Kid #9),Â£44.07,One,In stock
The Loney,Â£23.40,One,In stock
The Literature Book (Big Ideas Simply Explained),Â£17.43,Three,In stock
The Last Mile (Amos Decker #2),Â£54.21,Two,In stock
The Immortal Life of Henrietta Lacks,Â£40.67,Two,In stock
The Hidden Oracle (The Trials of Apollo #1),Â£52.26,Two,In stock
The Help Yourself Cookbook for Kids: 60 Easy Plant-Based Recipes Kids Can Make to Stay Healthy and Save the Earth,Â£28.77,Three,In stock
The Guilty (Will Robie #4),Â£13.82,Two,In stock
The First Hostage (J.B. Collins #2),Â£25.85,Three,In stock
The Dovekeepers,Â£48.78,One,In stock
The Darkest Lie,Â£35.35,Five,In stock
The Bane Chronicles (The Bane Chronicles #1-11),Â£44.73,Four,In stock
The Bad-Ass Librarians of Timbuktu: And Their Race to Save the Worldâs Most Precious Manuscripts,Â£15.77,One,In stock
The 14th Colony (Cotton Malone #11),Â£39.24,One,In stock
That Darkness (Gardiner and Renner #1),Â£13.92,One,In stock
Tastes Like Fear (DI Marnie Rome #3),Â£10.69,One,In stock
Take Me with You,Â£45.21,Three,In stock
Swell: A Year of Waves,Â£45.58,One,In stock
Superman Vol. 1: Before Truth (Superman by Gene Luen Yang #1),Â£11.89,Five,In stock
Still Life with Bread Crumbs,Â£26.41,Three,In stock
Steve Jobs,Â£39.50,Five,In stock
Sorting the Beef from the Bull: The Science of Food Fraud Forensics,Â£44.74,Four,In stock
Someone Like You (The Harrisons #2),Â£52.79,Five,In stock
"So Cute It Hurts!!, Vol. 6 (So Cute It Hurts!! #6)",Â£35.43,Four,In stock
Shtum,Â£55.84,Four,In stock
See America: A Celebration of Our National Parks & Treasured Sites,Â£48.87,Three,In stock
salt.,Â£46.78,Four,In stock
Robin War,Â£47.82,Three,In stock
"Red Hood/Arsenal, Vol. 1: Open for Business (Red Hood/Arsenal #1)",Â£25.48,Two,In stock
Rain Fish,Â£23.57,Three,In stock
"Quarter Life Poetry: Poems for the Young, Broke and Hangry",Â£50.89,Five,In stock
Pet Sematary,Â£10.56,Three,In stock
"Overload: How to Unplug, Unwind, and Unleash Yourself from the Pressure of Stress",Â£52.15,Three,In stock
Once Was a Time,Â£18.28,Two,In stock
Old School (Diary of a Wimpy Kid #10),Â£11.83,Five,In stock
No Dream Is Too High: Life Lessons From a Man Who Walked on the Moon,Â£21.95,Two,In stock
"Naruto (3-in-1 Edition), Vol. 14: Includes Vols. 40, 41 & 42 (Naruto: Omnibus #14)",Â£38.39,Two,In stock
My Name Is Lucy Barton,Â£41.56,One,In stock
My Mrs. Brown,Â£24.48,Three,In stock
My Kind of Crazy,Â£40.36,One,In stock
Mr. Mercedes (Bill Hodges Trilogy #1),Â£28.90,One,In stock
More Than Music (Chasing the Dream #1),Â£37.61,Two,In stock
Made to Stick: Why Some Ideas Survive and Others Die,Â£38.85,Five,In stock
Luis Paints the World,Â£53.95,Three,In stock
Luckiest Girl Alive,Â£49.83,Three,In stock
Lowriders to the Center of the Earth (Lowriders in Space #2),Â£51.51,Two,In stock
Love Is a Mix Tape (Music #1),Â£18.03,One,In stock
Looking for Lovely: Collecting the Moments that Matter,Â£29.14,Five,In stock
"Living Leadership by Insight: A Good Leader Achieves, a Great Leader Builds Monuments",Â£46.91,Four,In stock
Let It Out: A Journey Through Journaling,Â£26.79,Five,In stock
Lady Midnight (The Dark Artifices #1),Â£16.28,Five,In stock
"It's All Easy: Healthy, Delicious Weeknight Meals in under 30 Minutes",Â£19.55,One,In stock
Island of Dragons (Unwanteds #7),Â£29.65,One,In stock
I Know What I'm Doing -- and Other Lies I Tell Myself: Dispatches from a Life Under Construction,Â£25.98,Four,In stock
I Am Pilgrim (Pilgrim #1),Â£10.60,Four,In stock
"Hyperbole and a Half: Unfortunate Situations, Flawed Coping Mechanisms, Mayhem, and Other Things That Happened",Â£14.75,Five,In stock
"Hush, Hush (Hush, Hush #1)",Â£47.02,Three,In stock
Hold Your Breath (Search and Rescue #1),Â£28.82,One,In stock
Hamilton: The Revolution,Â£58.79,Three,In stock
Greek Mythic History,Â£10.23,Five,In stock
God: The Most Unpleasant Character in All Fiction,Â£30.03,Five,In stock
Glory over Everything: Beyond The Kitchen House,Â£45.84,Three,In stock
Feathers: Displays of Brilliant Plumage,Â£49.05,Three,In stock
"Far & Away: Places on the Brink of Change: Seven Continents, Twenty-Five Years",Â£15.06,Four,In stock
Every Last Word,Â£46.47,Three,In stock
Eligible (The Austen Project #4),Â£27.09,Three,In stock
El Deafo,Â£57.62,Five,In stock
Eight Hundred Grapes,Â£14.39,Four,In stock
"Eaternity: More than 150 Deliciously Easy Vegan Recipes for a Long, Healthy, Satisfied, Joyful Life",Â£51.75,Five,In stock
"Eat Fat, Get Thin",Â£54.07,Two,In stock
Don't Get Caught,Â£55.35,One,In stock
Doctor Sleep (The Shining #2),Â£40.12,Two,In stock
Demigods & Magicians: Percy and Annabeth Meet the Kanes (Percy Jackson & Kane Chronicles Crossover #1-3),Â£37.51,Five,In stock
Dear Mr. Knightley,Â£11.21,Five,In stock
Daily Fantasy Sports,Â£36.58,One,In stock
Crazy Love: Overwhelmed by a Relentless God,Â£47.72,Two,In stock
Cometh the Hour (The Clifton Chronicles #6),Â£25.01,Three,In stock
Code Name Verity (Code Name Verity #1),Â£22.13,Four,In stock
Clockwork Angel (The Infernal Devices #1),Â£44.14,One,In stock
City of Glass (The Mortal Instruments #3),Â£56.02,Four,In stock
City of Fallen Angels (The Mortal Instruments #4),Â£11.23,Four,In stock
City of Bones (The Mortal Instruments #1),Â£43.28,One,In stock
City of Ashes (The Mortal Instruments #2),Â£47.27,One,In stock
Cell,Â£20.29,Four,In stock
Catching Jordan (Hundred Oaks),Â£50.83,Three,In stock
"Carry On, Warrior: Thoughts on Life Unarmed",Â£31.85,Three,In stock
Carrie,Â£46.23,Two,In stock
Buying In: The Secret Dialogue Between What We Buy and Who We Are,Â£37.80,Four,In stock
Brain on Fire: My Month of Madness,Â£49.32,Five,In stock
Batman: Europa,Â£32.01,Two,In stock
Barefoot Contessa Back to Basics,Â£28.01,One,In stock
Barefoot Contessa at Home: Everyday Recipes You'll Make Over and Over Again,Â£50.62,Five,In stock
Balloon Animals,Â£17.03,Three,In stock
Art Ops Vol. 1,Â£48.80,Three,In stock
Aristotle and Dante Discover the Secrets of the Universe (Aristotle and Dante Discover the Secrets of the Universe #1),Â£58.14,Four,In stock
Angels Walking (Angels Walking #1),Â£34.20,Two,In stock
Angels & Demons (Robert Langdon #1),Â£51.48,Three,In stock
All the Light We Cannot See,Â£29.87,Five,In stock
"Adulthood Is a Myth: A ""Sarah's Scribbles"" Collection",Â£10.90,Two,In stock
Abstract City,Â£56.37,Five,In stock
A Time of Torment (Charlie Parker #14),Â£48.35,Five,In stock
A Study in Scarlet (Sherlock Holmes #1),Â£16.73,Two,In stock
"A Series of Catastrophes and Miracles: A True Story of Love, Science, and Cancer",Â£56.48,Two,In stock
A People's History of the United States,Â£40.79,Two,In stock
A Man Called Ove,Â£39.72,One,In stock
A Distant Mirror: The Calamitous 14th Century,Â£14.58,Three,In stock
A Brush of Wings (Angels Walking #3),Â£55.51,One,In stock
1491: New Revelations of the Americas Before Columbus,Â£21.80,Three,In stock
"The Three Searches, Meaning, and the Story",Â£13.33,Three,In stock
Searching for Meaning in Gailana,Â£38.73,One,In stock
Rook,Â£37.86,Four,In stock
My Kitchen Year: 136 Recipes That Saved My Life,Â£11.53,Two,In stock
13 Hours: The Inside Account of What Really Happened In Benghazi,Â£27.06,One,In stock
Will You Won't You Want Me?,Â£13.86,Three,In stock
Tipping Point for Planet Earth: How Close Are We to the Edge?,Â£37.55,One,In stock
The Star-Touched Queen,Â£32.30,Five,In stock
The Silent Sister (Riley MacPherson #1),Â£46.29,Five,In stock
The Midnight Watch: A Novel of the Titanic and the Californian,Â£26.20,One,In stock
The Lonely City: Adventures in the Art of Being Alone,Â£33.26,Two,In stock
The Gray Rhino: How to Recognize and Act on the Obvious Dangers We Ignore,Â£59.15,Four,In stock
The Golden Condom: And Other Essays on Love Lost and Found,Â£39.43,One,In stock
The Epidemic (The Program 0.6),Â£14.44,Five,In stock
The Dinner Party,Â£56.54,Two,In stock
The Diary of a Young Girl,Â£59.90,Three,In stock
The Children,Â£11.88,Three,In stock
Stars Above (The Lunar Chronicles #4.5),Â£48.05,Two,In stock
Snatched: How A Drug Queen Went Undercover for the DEA and Was Kidnapped By Colombian Guerillas,Â£21.21,Three,In stock
Raspberry Pi Electronics Projects for the Evil Genius,Â£49.67,Four,In stock
Quench Your Own Thirst: Business Lessons Learned Over a Beer or Two,Â£43.14,One,In stock
Psycho: Sanitarium (Psycho #1.5),Â£36.97,Five,In stock
Poisonous (Max Revere Novels #3),Â£26.80,Three,In stock
One with You (Crossfire #5),Â£15.71,Four,In stock
No Love Allowed (Dodge Cove #1),Â£54.65,Four,In stock
Murder at the 42nd Street Library (Raymond Ambler #1),Â£54.36,Four,In stock
Most Wanted,Â£35.28,Three,In stock
"Love, Lies and Spies",Â£20.55,Two,In stock
How to Speak Golf: An Illustrated Guide to Links Lingo,Â£58.32,Five,In stock
Hide Away (Eve Duncan #20),Â£11.84,One,In stock
Furiously Happy: A Funny Book About Horrible Things,Â£41.46,Four,In stock
Everyday Italian: 125 Simple and Delicious Recipes,Â£20.10,Five,In stock
Equal Is Unfair: America's Misguided Fight Against Income Inequality,Â£56.86,One,In stock
Eleanor & Park,Â£56.51,Five,In stock
Dirty (Dive Bar #1),Â£40.83,Four,In stock
Can You Keep a Secret? (Fear Street Relaunch #4),Â£48.64,One,In stock
Boar Island (Anna Pigeon #19),Â£59.48,Three,In stock
A Paris Apartment,Â£39.01,Four,In stock
"A la Mode: 120 Recipes in 60 Pairings: Pies, Tarts, Cakes, Crisps, and More Topped with Ice Cream, Gelato, Frozen Custard, and More",Â£38.77,One,In stock
Troublemaker: Surviving Hollywood and Scientology,Â£48.39,Two,In stock
The Widow,Â£27.26,Two,In stock
"The Sleep Revolution: Transforming Your Life, One Night at a Time",Â£11.68,Four,In stock
The Improbability of Love,Â£59.45,One,In stock
The Art of Startup Fundraising,Â£21.00,Three,In stock
Take Me Home Tonight (Rock Star Romance #3),Â£53.98,Three,In stock
Sleeping Giants (Themis Files #1),Â£48.74,One,In stock
"Setting the World on Fire: The Brief, Astonishing Life of St. Catherine of Siena",Â£21.15,Two,In stock
Playing with Fire,Â£13.71,Three,In stock
Off the Hook (Fishing for Trouble #1),Â£47.67,Three,In stock
Mothering Sunday,Â£13.34,Two,In stock
"Mother, Can You Not?",Â£16.89,Five,In stock
M Train,Â£27.18,One,In stock
Lilac Girls,Â£17.28,Two,In stock
Lies and Other Acts of Love,Â£45.14,One,In stock
Lab Girl,Â£40.85,One,In stock
Keep Me Posted,Â£20.46,Four,In stock
It Didn't Start with You: How Inherited Family Trauma Shapes Who We Are and How to End the Cycle,Â£56.27,Three,In stock
Grey (Fifty Shades #4),Â£48.49,Four,In stock
"Exit, Pursued by a Bear",Â£51.34,Four,In stock
Daredevils,Â£16.34,Three,In stock
Cravings: Recipes for What You Want to Eat,Â£20.50,Three,In stock
Born for This: How to Find the Work You Were Meant to Do,Â£21.59,Five,In stock
Arena,Â£21.36,Four,In stock
Adultery,Â£20.88,Five,In stock
A Mother's Reckoning: Living in the Aftermath of Tragedy,Â£19.53,Three,In stock
A Gentleman's Position (Society of Gentlemen #3),Â£14.75,Five,In stock
11/22/63,Â£48.48,Three,In stock
"10% Happier: How I Tamed the Voice in My Head, Reduced Stress Without Losing My Edge, and Found Self-Help That Actually Works",Â£24.57,Two,In stock
10-Day Green Smoothie Cleanse: Lose Up to 15 Pounds in 10 Days!,Â£49.71,Five,In stock
Without Shame,Â£48.27,Five,In stock
Watchmen,Â£58.05,Four,In stock
Unlimited Intuition Now,Â£58.87,Four,In stock
Underlying Notes,Â£11.82,Two,In stock
The Shack,Â£28.03,One,In stock
The New Brand You: Your New Image Makes the Sale for You,Â£44.05,Five,In stock
"The Moosewood Cookbook: Recipes from Moosewood Restaurant, Ithaca, New York",Â£12.34,Four,In stock
The Flowers Lied,Â£16.68,Two,In stock
"The Fabric of the Cosmos: Space, Time, and the Texture of Reality",Â£55.91,One,In stock
The Book of Mormon,Â£24.57,Three,In stock
The Art and Science of Low Carbohydrate Living,Â£52.98,Five,In stock
The Alien Club,Â£54.40,One,In stock
Suzie Snowflake: One beautiful flake (a self-esteem story),Â£54.81,Five,In stock
Nap-a-Roo,Â£25.08,One,In stock
"NaNo What Now? Finding your editing process, revising your NaNoWriMo book and building a writing career through publishing and beyond",Â£10.41,Four,In stock
Modern Day Fables,Â£47.44,Two,In stock
If I Gave You God's Phone Number....: Searching for Spirituality in America,Â£20.91,One,In stock
"Fruits Basket, Vol. 9 (Fruits Basket #9)",Â£33.95,Four,In stock
Dress Your Family in Corduroy and Denim,Â£43.68,Three,In stock
Don't Forget Steven,Â£33.23,One,In stock
Chernobyl 01:23:40: The Incredible True Story of the World's Worst Nuclear Disaster,Â£35.92,Two,In stock
Art and Fear: Observations on the Perils (and Rewards) of Artmaking,Â£48.63,Four,In stock
A Shard of Ice (The Black Symphony Saga #1),Â£56.63,Three,In stock
A Hero's Curse (The Unseen Chronicles #1),Â£50.49,Three,In stock
23 Degrees South: A Tropical Tale of Changing Whether...,Â£35.79,Two,In stock
"Zero to One: Notes on Startups, or How to Build the Future",Â£34.06,Three,In stock
Why Not Me?,Â£17.76,One,In stock
When Breath Becomes Air,Â£39.36,Two,In stock
Vagabonding: An Uncommon Guide to the Art of Long-Term World Travel,Â£36.94,Two,In stock
The Unlikely Pilgrimage of Harold Fry (Harold Fry #1),Â£43.62,Five,In stock
The New Drawing on the Right Side of the Brain,Â£43.02,Three,In stock
"The Midnight Assassin: Panic, Scandal, and the Hunt for America's First Serial Killer",Â£28.45,Four,In stock
The Martian (The Martian #1),Â£41.39,Two,In stock
The High Mountains of Portugal,Â£51.15,One,In stock
The Grownup,Â£35.88,One,In stock
The E-Myth Revisited: Why Most Small Businesses Don't Work and What to Do About It,Â£36.91,One,In stock
South of Sunshine,Â£28.93,One,In stock
Smarter Faster Better: The Secrets of Being Productive in Life and Business,Â£38.89,Five,In stock
Silence in the Dark (Logan Point #4),Â£58.33,Three,In stock
Shadows of the Past (Logan Point #1),Â£39.67,Five,In stock
Roller Girl,Â£14.10,Five,In stock
Rising Strong,Â£21.82,Three,In stock
Proofs of God: Classical Arguments from Tertullian to Barth,Â£54.21,One,In stock
Please Kill Me: The Uncensored Oral History of Punk,Â£31.19,Four,In stock
Out of Print: City Lights Spotlight No. 14,Â£53.64,Five,In stock
My Life Next Door (My Life Next Door ),Â£36.39,Five,In stock
Miller's Valley,Â£58.54,Two,In stock
Man's Search for Meaning,Â£29.48,Three,In stock
"Love That Boy: What Two Presidents, Eight Road Trips, and My Son Taught Me About a Parent's Expectations",Â£25.06,Two,In stock
Living Forward: A Proven Plan to Stop Drifting and Get the Life You Want,Â£12.55,Three,In stock
Les Fleurs du Mal,Â£29.04,Five,In stock
Left Behind (Left Behind #1),Â£40.72,Two,In stock
Kill 'Em and Leave: Searching for James Brown and the American Soul,Â£45.05,Five,In stock
Kierkegaard: A Christian Missionary to Christians,Â£47.13,One,In stock
John Vassos: Industrial Design for Modern Life,Â£20.22,Four,In stock
I'll Give You the Sun,Â£56.48,One,In stock
I Will Find You,Â£44.21,One,In stock
Hystopia: A Novel,Â£21.96,Four,In stock
Howl and Other Poems,Â£40.45,Two,In stock
History of Beauty,Â£10.29,Four,In stock
Heaven is for Real: A Little Boy's Astounding Story of His Trip to Heaven and Back,Â£52.86,Two,In stock
Future Shock (Future Shock #1),Â£55.65,Five,In stock
Ender's Game (The Ender Quintet #1),Â£43.64,One,In stock
Diary of a Citizen Scientist: Chasing Tiger Beetles and Other New Ways of Engaging the World,Â£28.41,One,In stock
Death by Leisure: A Cautionary Tale,Â£37.51,Four,In stock
Brilliant Beacons: A History of the American Lighthouse,Â£11.45,Three,In stock
Brazen: The Courage to Find the You That's Been Hiding,Â£19.22,Two,In stock
Between the World and Me,Â£56.91,Four,In stock
Being Mortal: Medicine and What Matters in the End,Â£55.06,Four,In stock
"A Murder Over a Girl: Justice, Gender, Junior High",Â£13.20,Three,In stock
32 Yolks,Â£53.63,Two,In stock
"""Most Blessed of the Patriarchs"": Thomas Jefferson and the Empire of the Imagination",Â£44.48,Five,In stock
You Are a Badass: How to Stop Doubting Your Greatness and Start Living an Awesome Life,Â£12.08,Three,In stock
Wildlife of New York: A Five-Borough Coloring Book,Â£22.14,Two,In stock
What Happened on Beale Street (Secrets of the South Mysteries #2),Â£25.37,Five,In stock
Unreasonable Hope: Finding Faith in the God Who Brings Purpose to Your Pain,Â£46.33,Two,In stock
Under the Tuscan Sun,Â£37.33,Three,In stock
Toddlers Are A**holes: It's Not Your Fault,Â£25.55,One,In stock
The Year of Living Biblically: One Man's Humble Quest to Follow the Bible as Literally as Possible,Â£34.72,One,In stock
The Whale,Â£35.96,Four,In stock
The Story of Art,Â£41.14,Four,In stock
The Origin of Species,Â£10.01,Four,In stock
The Great Gatsby,Â£36.05,Four,In stock
The Good Girl,Â£49.03,Three,In stock
The Glass Castle,Â£16.24,One,In stock
The Faith of Christopher Hitchens: The Restless Soul of the World's Most Notorious Atheist,Â£39.55,One,In stock
The Drowning Girls,Â£35.67,Three,In stock
The Constant Princess (The Tudor Court #1),Â£16.62,Three,In stock
The Bourne Identity (Jason Bourne #1),Â£42.78,Four,In stock
The Bachelor Girl's Guide to Murder (Herringford and Watts Mysteries #1),Â£52.30,Five,In stock
The Art Book,Â£32.34,Two,In stock
The 7 Habits of Highly Effective People: Powerful Lessons in Personal Change,Â£33.17,Four,In stock
Team of Rivals: The Political Genius of Abraham Lincoln,Â£20.12,Five,In stock
Steal Like an Artist: 10 Things Nobody Told You About Being Creative,Â£20.90,Two,In stock
"Sit, Stay, Love",Â£20.90,Three,In stock
Sister Dear,Â£40.20,Four,In stock
"Shrunken Treasures: Literary Classics, Short, Sweet, and Silly",Â£52.87,Three,In stock
"Rich Dad, Poor Dad",Â£51.74,One,In stock
Raymie Nightingale,Â£34.41,Two,In stock
Playing from the Heart,Â£32.38,One,In stock
Nightstruck: A Novel,Â£50.35,Four,In stock
"Naturally Lean: 125 Nourishing Gluten-Free, Plant-Based Recipes--All Under 300 Calories",Â£11.38,Five,In stock
Meternity,Â£43.58,Three,In stock
Memoirs of a Geisha,Â£49.67,Three,In stock
Like Never Before (Walker Family #2),Â£28.77,Two,In stock
Life of Pi,Â£13.22,Four,In stock
Leave This Song Behind: Teen Poetry at Its Best,Â£51.17,Five,In stock
King's Folly (The Kinsman Chronicles #1),Â£39.61,Five,In stock
John Adams,Â£57.43,Four,In stock
How to Cook Everything Vegetarian: Simple Meatless Recipes for Great Food (How to Cook Everything),Â£46.01,Four,In stock
How to Be a Domestic Goddess: Baking and the Art of Comfort Cooking,Â£28.25,Two,In stock
Good in Bed (Cannie Shapiro #1),Â£37.05,Five,In stock
"Fruits Basket, Vol. 7 (Fruits Basket #7)",Â£19.57,One,In stock
For the Love: Fighting for Grace in a World of Impossible Standards,Â£45.13,Three,In stock
Finding God in the Ruins: How God Redeems Pain,Â£46.64,Two,In stock
Every Heart a Doorway (Every Heart A Doorway #1),Â£12.16,Five,In stock
Delivering the Truth (Quaker Midwife Mystery #1),Â£20.89,Four,In stock
Counted With the Stars (Out from Egypt #1),Â£17.97,Five,In stock
"Chronicles, Vol. 1",Â£52.60,Two,In stock
Blue Like Jazz: Nonreligious Thoughts on Christian Spirituality,Â£25.77,One,In stock
Benjamin Franklin: An American Life,Â£48.19,Three,In stock
"At The Existentialist CafÃ©: Freedom, Being, and apricot cocktails with: Jean-Paul Sartre, Simone de Beauvoir, Albert Camus, Martin Heidegger, Edmund Husserl, Karl Jaspers, Maurice Merleau-Ponty and others",Â£29.93,Five,In stock
A Summer In Europe,Â£44.34,Two,In stock
A Short History of Nearly Everything,Â£52.40,Five,In stock
A Gathering of Shadows (Shades of Magic #2),Â£44.81,Four,In stock
The Sound Of Love,Â£57.84,Five,In stock
The Rise and Fall of the Third Reich: A History of Nazi Germany,Â£39.67,Two,In stock
The Perks of Being a Wallflower,Â£55.02,Three,In stock
The Mysterious Affair at Styles (Hercule Poirot #1),Â£24.80,Four,In stock
The Man Who Mistook His Wife for a Hat and Other Clinical Tales,Â£59.45,Four,In stock
The Makings of a Fatherless Child,Â£31.58,Two,In stock
The Joy of Cooking,Â£43.27,Four,In stock
The Invention of Wings,Â£37.34,One,In stock
The Hobbit (Middle-Earth Universe),Â£17.80,Five,In stock
The Great Railway Bazaar,Â£30.54,One,In stock
The Golden Compass (His Dark Materials #1),Â£18.77,One,In stock
The God Delusion,Â£46.85,Three,In stock
The Girl You Left Behind (The Girl You Left Behind #1),Â£15.79,One,In stock
The Fellowship of the Ring (The Lord of the Rings #1),Â£10.27,Two,In stock
The Collected Poems of W.B. Yeats (The Collected Works of W.B. Yeats #1),Â£15.42,Five,In stock
The Barefoot Contessa Cookbook,Â£59.92,Five,In stock
Tell the Wolves I'm Home,Â£50.96,Two,In stock
Ship Leaves Harbor: Essays on Travel by a Recovering Journeyman,Â£30.60,Three,In stock
Pride and Prejudice,Â£19.27,Four,In stock
Musicophilia: Tales of Music and the Brain,Â£46.58,One,In stock
Mere Christianity,Â£48.51,Three,In stock
Me Before You (Me Before You #1),Â£19.02,One,In stock
In the Woods (Dublin Murder Squad #1),Â£38.38,Two,In stock
In Cold Blood,Â£49.98,Four,In stock
How to Stop Worrying and Start Living,Â£46.49,Five,In stock
Give It Back,Â£18.32,Two,In stock
"Girl, Interrupted",Â£42.14,Three,In stock
Fun Home: A Family Tragicomic,Â£56.59,Four,In stock
"Fruits Basket, Vol. 6 (Fruits Basket #6)",Â£20.96,Four,In stock
Deception Point,Â£40.32,Four,In stock
"Death Note, Vol. 6: Give-and-Take (Death Note #6)",Â£36.39,Three,In stock
Catherine the Great: Portrait of a Woman,Â£58.55,Four,In stock
Better Homes and Gardens New Cook Book,Â£39.61,Three,In stock
An Unquiet Mind: A Memoir of Moods and Madness,Â£21.30,Three,In stock
A Year in Provence (Provence #1),Â£56.88,Four,In stock
World Without End (The Pillars of the Earth #2),Â£32.97,Four,In stock
"Will Grayson, Will Grayson (Will Grayson, Will Grayson)",Â£47.31,Four,In stock
Why Save the Bankers?: And Other Essays on Our Economic and Political Crisis,Â£48.67,Two,In stock
Where She Went (If I Stay #2),Â£41.73,Four,In stock
What If?: Serious Scientific Answers to Absurd Hypothetical Questions,Â£53.68,Four,In stock
Two Summers,Â£14.64,One,In stock
This Is Your Brain on Music: The Science of a Human Obsession,Â£38.40,One,In stock
The Secret Garden,Â£15.08,Four,In stock
The Raven King (The Raven Cycle #4),Â£30.57,Two,In stock
The Raven Boys (The Raven Cycle #1),Â£57.74,Four,In stock
The Power Greens Cookbook: 140 Delicious Superfood Recipes,Â£11.05,Five,In stock
The Metamorphosis,Â£28.58,One,In stock
The Mathews Men: Seven Brothers and the War Against Hitler's U-boats,Â£42.91,Five,In stock
The Little Paris Bookshop,Â£24.73,Three,In stock
The Hiding Place,Â£55.91,Four,In stock
The Grand Design,Â£13.76,Three,In stock
The Firm,Â£45.56,Three,In stock
The Fault in Our Stars,Â£47.22,One,In stock
The False Prince (The Ascendance Trilogy #1),Â£56.00,Five,In stock
The Expatriates,Â£44.58,Two,In stock
The Dream Thieves (The Raven Cycle #2),Â£34.50,One,In stock
The Darkest Corners,Â£11.33,Five,In stock
The Crossover,Â£38.77,Four,In stock
The 5th Wave (The 5th Wave #1),Â£11.83,Two,In stock
Tell the Wind and Fire,Â£45.51,Three,In stock
Tell Me Three Things,Â£41.81,One,In stock
Talking to Girls About Duran Duran: One Young Man's Quest for True Love and a Cooler Haircut,Â£25.15,Four,In stock
Siddhartha,Â£34.22,Five,In stock
Shiver (The Wolves of Mercy Falls #1),Â£16.23,Five,In stock
Remember Me?,Â£11.48,Three,In stock
Red Dragon (Hannibal Lecter #1),Â£23.37,Three,In stock
Peak: Secrets from the New Science of Expertise,Â£16.28,Two,In stock
My Mother Was Nuts,Â£31.63,Four,In stock
Mexican Today: New and Rediscovered Recipes for Contemporary Kitchens,Â£24.91,Five,In stock
Maybe Something Beautiful: How Art Transformed a Neighborhood,Â£22.54,One,In stock
Lola and the Boy Next Door (Anna and the French Kiss #2),Â£23.63,Four,In stock
Logan Kade (Fallen Crest High #5.5),Â£13.12,Two,In stock
Last One Home (New Beginnings #1),Â£59.98,Three,In stock
Killing Floor (Jack Reacher #1),Â£31.49,Four,In stock
Kill the Boy Band,Â£15.52,Five,In stock
Isla and the Happily Ever After (Anna and the French Kiss #3),Â£48.13,Five,In stock
If I Stay (If I Stay #1),Â£38.13,Five,In stock
I Know Why the Caged Bird Sings (Maya Angelou's Autobiography #1),Â£36.55,Two,In stock
Harry Potter and the Deathly Hallows (Harry Potter #7),Â£23.32,One,In stock
"Fruits Basket, Vol. 5 (Fruits Basket #5)",Â£16.33,One,In stock
Foundation (Foundation (Publication Order) #1),Â£32.42,One,In stock
Fool Me Once,Â£16.96,One,In stock
Find Her (Detective D.D. Warren #8),Â£22.37,One,In stock
Evicted: Poverty and Profit in the American City,Â£42.27,One,In stock
Drama,Â£38.70,Two,In stock
Dracula the Un-Dead,Â£35.63,Five,In stock
Digital Fortress,Â£58.00,Five,In stock
"Death Note, Vol. 5: Whiteout (Death Note #5)",Â£52.41,One,In stock
"Data, A Love Story: How I Gamed Online Dating to Meet My Match",Â£32.35,Three,In stock
Critique of Pure Reason,Â£20.75,One,In stock
Booked,Â£17.49,Five,In stock
"Blue Lily, Lily Blue (The Raven Cycle #3)",Â£34.13,Five,In stock
Approval Junkie: Adventures in Caring Too Much,Â£58.81,Five,In stock
An Abundance of Katherines,Â£10.00,Five,In stock
America's War for the Greater Middle East: A Military History,Â£51.22,Two,In stock
Alight (The Generations Trilogy #2),Â£58.59,Four,In stock
A Girl's Guide to Moving On (New Beginnings #2),Â£31.30,One,In stock
A Game of Thrones (A Song of Ice and Fire #1),Â£46.42,Two,In stock
A Feast for Crows (A Song of Ice and Fire #4),Â£17.21,Four,In stock
A Clash of Kings (A Song of Ice and Fire #2),Â£10.79,Three,In stock
Vogue Colors A to Z: A Fashion Coloring Book,Â£52.35,Four,In stock
The Shining (The Shining #1),Â£27.88,Three,In stock
The Pilgrim's Progress,Â£50.26,Two,In stock
The Perfect Play (Play by Play #1),Â£59.99,Three,In stock
The Passion of Dolssa,Â£28.32,Five,In stock
The Jazz of Physics: The Secret Link Between Music and the Structure of the Universe,Â£38.71,Three,In stock
The Hunger Games (The Hunger Games #1),Â£29.85,Five,In stock
The Hound of the Baskervilles (Sherlock Holmes #5),Â£14.82,Two,In stock
The Gunning of America: Business and the Making of American Gun Culture,Â£16.81,Four,In stock
The Geography of Bliss: One Grump's Search for the Happiest Places in the World,Â£28.23,Two,In stock
The Demonists (Demonist #1),Â£52.11,Two,In stock
"The Demon Prince of Momochi House, Vol. 4 (The Demon Prince of Momochi House #4)",Â£27.88,Two,In stock
The Bone Hunters (Lexy Vaughan & Steven Macaulay #2),Â£59.71,Three,In stock
The Beast (Black Dagger Brotherhood #14),Â£46.08,Five,In stock
Some Women,Â£13.73,Five,In stock
Shopaholic Ties the Knot (Shopaholic #3),Â£48.39,Five,In stock
Paper and Fire (The Great Library #2),Â£49.45,Five,In stock
Outlander (Outlander #1),Â£19.67,Five,In stock
"Orchestra of Exiles: The Story of Bronislaw Huberman, the Israel Philharmonic, and the One Thousand Jews He Saved from Nazi Horrors",Â£12.36,Three,In stock
No One Here Gets Out Alive,Â£20.02,Five,In stock
Night Shift (Night Shift #1-20),Â£12.75,Four,In stock
Needful Things,Â£47.51,Four,In stock
Mockingjay (The Hunger Games #3),Â£20.44,Four,In stock
Misery,Â£34.79,Two,In stock
Little Women (Little Women #1),Â£28.07,Four,In stock
It,Â£25.01,Three,In stock
Harry Potter and the Sorcerer's Stone (Harry Potter #1),Â£13.90,Three,In stock
Harry Potter and the Prisoner of Azkaban (Harry Potter #3),Â£24.17,Four,In stock
Harry Potter and the Order of the Phoenix (Harry Potter #5),Â£31.63,Four,In stock
Harry Potter and the Half-Blood Prince (Harry Potter #6),Â£48.75,Five,In stock
Harry Potter and the Chamber of Secrets (Harry Potter #2),Â£14.74,One,In stock
Gone with the Wind,Â£32.49,Three,In stock
God Is Not Great: How Religion Poisons Everything,Â£27.80,One,In stock
Girl With a Pearl Earring,Â£26.77,One,In stock
"Fruits Basket, Vol. 4 (Fruits Basket #4)",Â£50.44,Four,In stock
Far From True (Promise Falls Trilogy #2),Â£34.93,Two,In stock
Dark Lover (Black Dagger Brotherhood #1),Â£12.87,One,In stock
Confessions of a Shopaholic (Shopaholic #1),Â£48.94,Two,In stock
Changing the Game (Play by Play #2),Â£13.38,Three,In stock
Candide,Â£58.63,Three,In stock
Can You Keep a Secret?,Â£21.94,One,In stock
Atlas Shrugged,Â£26.58,Five,In stock
Animal Farm,Â£57.22,Three,In stock
A Walk to Remember,Â£56.43,One,In stock
A New Earth: Awakening to Your Life's Purpose,Â£55.65,Five,In stock
"A History of God: The 4,000-Year Quest of Judaism, Christianity, and Islam",Â£27.62,One,In stock
'Salem's Lot,Â£49.56,Four,In stock
Zero History (Blue Ant #3),Â£34.77,One,In stock
Wuthering Heights,Â£17.73,Three,In stock
World War Z: An Oral History of the Zombie War,Â£21.80,One,In stock
Wild: From Lost to Found on the Pacific Crest Trail,Â£46.02,Three,In stock
"Where'd You Go, Bernadette",Â£18.13,One,In stock
When You Are Engulfed in Flames,Â£30.89,Five,In stock
We the People: The Modern-Day Figures Who Have Reshaped and Affirmed the Founding Fathers' Vision of America,Â£31.95,Three,In stock
We Are All Completely Beside Ourselves,Â£24.04,One,In stock
Walk the Edge (Thunder Road #2),Â£32.36,Three,In stock
Voyager (Outlander #3),Â£21.07,Five,In stock
Very Good Lives: The Fringe Benefits of Failure and the Importance of Imagination,Â£50.66,Three,In stock
Vegan Vegetarian Omnivore: Dinner for Everyone at the Table,Â£13.66,Two,In stock
"Unstuffed: Decluttering Your Home, Mind, and Soul",Â£58.09,One,In stock
Under the Banner of Heaven: A Story of Violent Faith,Â£30.00,One,In stock
Two Boys Kissing,Â£32.74,Two,In stock
Twilight (Twilight #1),Â£41.93,Two,In stock
Twenties Girl,Â£42.80,Two,In stock
"Trespassing Across America: One Man's Epic, Never-Done-Before (and Sort of Illegal) Hike Across the Heartland",Â£53.51,One,In stock
Three-Martini Lunch,Â£23.21,Three,In stock
"Thinking, Fast and Slow",Â£21.14,One,In stock
The Wild Robot,Â£56.07,Three,In stock
"The Wicked + The Divine, Vol. 3: Commercial Suicide (The Wicked + The Divine)",Â£14.41,Three,In stock
The Undomestic Goddess,Â£45.75,Four,In stock
The Travelers,Â£15.77,One,In stock
The Tipping Point: How Little Things Can Make a Big Difference,Â£10.02,Two,In stock
The Thing About Jellyfish,Â£48.77,One,In stock
The Stand,Â£57.86,Two,In stock
The Smitten Kitchen Cookbook,Â£23.59,One,In stock
The Silkworm (Cormoran Strike #2),Â£23.05,Five,In stock
"The Sandman, Vol. 3: Dream Country (The Sandman (volumes) #3)",Â£55.55,Five,In stock
The Rose & the Dagger (The Wrath and the Dawn #2),Â£58.64,Four,In stock
The Road to Little Dribbling: Adventures of an American in Britain (Notes From a Small Island #2),Â£23.21,One,In stock
The Rise of Theodore Roosevelt (Theodore Roosevelt #1),Â£42.57,Three,In stock
The Restaurant at the End of the Universe (Hitchhiker's Guide to the Galaxy #2),Â£10.92,One,In stock
The Rest Is Noise: Listening to the Twentieth Century,Â£34.77,One,In stock
The Red Tent,Â£35.66,Five,In stock
The Purpose Driven Life: What on Earth Am I Here for?,Â£37.19,Three,In stock
The Purest Hook (Second Circle Tattoos #3),Â£12.25,One,In stock
The Picture of Dorian Gray,Â£29.70,Two,In stock
The Paris Wife,Â£36.80,Three,In stock
The Obsession,Â£45.43,One,In stock
The Nightingale,Â£26.26,Four,In stock
The New Guy (and Other Senior Year Distractions),Â£44.92,Three,In stock
The Nanny Diaries (Nanny #1),Â£52.53,Five,In stock
The Name of God is Mercy,Â£37.25,Two,In stock
The Maze Runner (The Maze Runner #1),Â£20.93,One,In stock
The Lover's Dictionary,Â£58.09,Two,In stock
The Lonely Ones,Â£43.59,Five,In stock
The Lean Startup: How Today's Entrepreneurs Use Continuous Innovation to Create Radically Successful Businesses,Â£33.92,Three,In stock
The Last Painting of Sara de Vos,Â£55.55,Two,In stock
"The Land of 10,000 Madonnas",Â£29.64,Four,In stock
The Infinities,Â£27.41,One,In stock
The Husband's Secret,Â£52.51,Five,In stock
The Hitchhiker's Guide to the Galaxy (Hitchhiker's Guide to the Galaxy #1),Â£47.80,Three,In stock
The Guns of August,Â£14.54,Two,In stock
The Guernsey Literary and Potato Peel Pie Society,Â£49.53,One,In stock
The Goldfinch,Â£43.58,Three,In stock
The Giver (The Giver Quartet #1),Â£12.30,One,In stock
The Girl with All the Gifts,Â£49.47,Three,In stock
The Girl Who Played with Fire (Millennium Trilogy #2),Â£22.14,Two,In stock
The Girl Who Kicked the Hornet's Nest (Millennium Trilogy #3),Â£57.48,One,In stock
The Exiled,Â£43.45,Three,In stock
"The End of Faith: Religion, Terror, and the Future of Reason",Â£22.13,Four,In stock
"The Elegant Universe: Superstrings, Hidden Dimensions, and the Quest for the Ultimate Theory",Â£13.03,Four,In stock
"The Disappearing Spoon: And Other True Tales of Madness, Love, and the History of the World from the Periodic Table of the Elements",Â£57.35,Five,In stock
The Devil Wears Prada (The Devil Wears Prada #1),Â£44.29,One,In stock
The Demon-Haunted World: Science as a Candle in the Dark,Â£52.25,Four,In stock
The Day the Crayons Came Home (Crayons),Â£26.33,Five,In stock
The Da Vinci Code (Robert Langdon #2),Â£22.96,Two,In stock
The Cuckoo's Calling (Cormoran Strike #1),Â£19.21,One,In stock
The Complete Stories and Poems (The Works of Edgar Allan Poe [Cameo Edition]),Â£26.78,Four,In stock
The Complete Poems,Â£41.32,Five,In stock
The Catcher in the Rye,Â£24.55,One,In stock
The Cat in the Hat (Beginner Books B-1),Â£16.26,Two,In stock
The Case for Christ (Cases for Christianity),Â£47.84,One,In stock
The Book Thief,Â£53.49,Two,In stock
The Book of Basketball: The NBA According to The Sports Guy,Â£44.84,Five,In stock
The Blind Side: Evolution of a Game,Â£53.71,Five,In stock
The Autobiography of Malcolm X,Â£23.43,Two,In stock
"The Art of Simple Food: Notes, Lessons, and Recipes from a Delicious Revolution",Â£34.32,Three,In stock
The Art of Fielding,Â£22.10,One,In stock
"Surely You're Joking, Mr. Feynman!: Adventures of a Curious Character",Â£25.83,Two,In stock
Stiff: The Curious Lives of Human Cadavers,Â£36.74,Three,In stock
Spilled Milk: Based on a True Story,Â£49.51,One,In stock
Something Borrowed (Darcy & Rachel #1),Â£48.96,Five,In stock
Something Blue (Darcy & Rachel #2),Â£54.62,One,In stock
Soldier (Talon #3),Â£24.72,Two,In stock
Shopaholic & Baby (Shopaholic #5),Â£46.45,Two,In stock
Seven Days in the Art World,Â£52.33,Two,In stock
Seven Brief Lessons on Physics,Â£30.60,Four,In stock
Scarlet (The Lunar Chronicles #2),Â£14.57,Four,In stock
Sarah's Key,Â£46.29,One,In stock
"Saga, Volume 3 (Saga (Collected Editions) #3)",Â£21.57,Five,In stock
Running with Scissors,Â£12.91,Four,In stock
Rogue Lawyer (Rogue Lawyer #1),Â£50.11,Three,In stock
"Rise of the Rocket Girls: The Women Who Propelled Us, from Missiles to the Moon to Mars",Â£41.67,Four,In stock
Rework,Â£44.88,Two,In stock
Reservations for Two,Â£11.10,Three,In stock
Red: The True Story of Red Riding Hood,Â£28.54,Three,In stock
Ready Player One,Â£19.07,Four,In stock
Quiet: The Power of Introverts in a World That Can't Stop Talking,Â£43.55,One,In stock
Prodigy: The Graphic Novel (Legend: The Graphic Novel #2),Â£43.63,Three,In stock
Persepolis: The Story of a Childhood (Persepolis #1-2),Â£39.13,One,In stock
Packing for Mars: The Curious Science of Life in the Void,Â£56.68,Two,In stock
Outliers: The Story of Success,Â£14.16,One,In stock
Original Fake,Â£31.45,Three,In stock
Orange Is the New Black,Â£24.61,Two,In stock
One for the Money (Stephanie Plum #1),Â£32.87,Two,In stock
Notes from a Small Island (Notes From a Small Island #1),Â£40.17,One,In stock
Night (The Night Trilogy #1),Â£13.51,One,In stock
Neither Here nor There: Travels in Europe,Â£38.95,Three,In stock
Naked,Â£31.69,Three,In stock
Morning Star (Red Rising #3),Â£29.40,One,In stock
"Miracles from Heaven: A Little Girl, Her Journey to Heaven, and Her Amazing Story of Healing",Â£57.83,One,In stock
Midnight Riot (Peter Grant/ Rivers of London - books #1),Â£55.46,Two,In stock
Me Talk Pretty One Day,Â£57.60,Two,In stock
Manuscript Found in Accra,Â£34.98,Two,In stock
Lust & Wonder,Â£11.87,Two,In stock
Lila (Gilead #3),Â£12.47,Three,In stock
"Life, the Universe and Everything (Hitchhiker's Guide to the Galaxy #3)",Â£33.26,Two,In stock
Life Without a Recipe,Â£59.04,Five,In stock
Life After Life,Â£26.13,Two,In stock
Letter to a Christian Nation,Â£22.20,One,In stock
Let's Pretend This Never Happened: A Mostly True Memoir,Â£45.11,One,In stock
Legend (Legend #1),Â£43.69,Four,In stock
"Lean In: Women, Work, and the Will to Lead",Â£25.02,One,In stock
"Lamb: The Gospel According to Biff, Christ's Childhood Pal",Â£55.50,Five,In stock
Lady Renegades (Rebel Belle #3),Â£53.04,Five,In stock
Jurassic Park (Jurassic Park #1),Â£44.97,One,In stock
It's Never Too Late to Begin Again: Discovering Creativity and Meaning at Midlife and Beyond,Â£42.38,One,In stock
Is Everyone Hanging Out Without Me? (And Other Concerns),Â£20.11,Three,In stock
Into the Wild,Â£56.70,Five,In stock
Inferno (Robert Langdon #4),Â£41.00,Five,In stock
"In the Garden of Beasts: Love, Terror, and an American Family in Hitler's Berlin",Â£28.85,Three,In stock
If I Run (If I Run #1),Â£49.97,Four,In stock
I've Got Your Number,Â£19.69,One,In stock
I Am Malala: The Girl Who Stood Up for Education and Was Shot by the Taliban,Â£28.88,Two,In stock
Hungry Girl Clean & Hungry: Easy All-Natural Recipes for Healthy Eating in the Real World,Â£33.14,Three,In stock
"House of Lost Worlds: Dinosaurs, Dynasties, and the Story of Life on Earth",Â£43.70,Two,In stock
House of Leaves,Â£54.89,One,In stock
Horrible Bear!,Â£37.52,Two,In stock
Holidays on Ice,Â£51.07,Two,In stock
Heir to the Sky,Â£44.07,Four,In stock
Green Eggs and Ham (Beginner Books B-16),Â£10.79,Four,In stock
"Grayson, Vol 3: Nemesis (Grayson #3)",Â£42.72,One,In stock
Gratitude,Â£26.66,Five,In stock
Gone Girl,Â£37.60,Five,In stock
Golden (Heart of Dread #3),Â£42.21,Four,In stock
Girl in the Blue Coat,Â£46.83,Two,In stock
"Fruits Basket, Vol. 3 (Fruits Basket #3)",Â£45.17,Two,In stock
"Friday Night Lights: A Town, a Team, and a Dream",Â£51.22,Three,In stock
Fire Bound (Sea Haven/Sisters of the Heart #5),Â£21.28,Four,In stock
Fifty Shades Freed (Fifty Shades #3),Â£15.36,Five,In stock
Fellside,Â£38.62,One,In stock
Extreme Prey (Lucas Davenport #26),Â£25.40,Three,In stock
Eragon (The Inheritance Cycle #1),Â£43.87,Three,In stock
Eclipse (Twilight #3),Â£18.74,One,In stock
Dune (Dune #1),Â£54.86,One,In stock
Dracula,Â£52.62,Three,In stock
Do Androids Dream of Electric Sheep? (Blade Runner #1),Â£51.48,One,In stock
Disrupted: My Misadventure in the Start-Up Bubble,Â£15.28,Five,In stock
Dead Wake: The Last Crossing of the Lusitania,Â£39.24,Five,In stock
"David and Goliath: Underdogs, Misfits, and the Art of Battling Giants",Â£17.81,One,In stock
Darkfever (Fever #1),Â£56.02,One,In stock
Dark Places,Â£23.90,Five,In stock
Crazy Rich Asians (Crazy Rich Asians #1),Â£49.13,Five,In stock
Counting Thyme,Â£10.62,One,In stock
Cosmos,Â£36.17,Two,In stock
Civilization and Its Discontents,Â£59.95,Two,In stock
Cinder (The Lunar Chronicles #1),Â£26.09,One,In stock
Catastrophic Happiness: Finding Joy in Childhood's Messy Years,Â£37.35,Two,In stock
Career of Evil (Cormoran Strike #3),Â£24.72,Two,In stock
Breaking Dawn (Twilight #4),Â£35.28,Five,In stock
Brave Enough,Â£51.32,Five,In stock
Boy Meets Boy,Â£21.12,Three,In stock
"Born to Run: A Hidden Tribe, Superathletes, and the Greatest Race the World Has Never Seen",Â£27.35,Two,In stock
Blink: The Power of Thinking Without Thinking,Â£21.74,Five,In stock
Black Flags: The Rise of ISIS,Â£40.87,One,In stock
"Black Butler, Vol. 1 (Black Butler #1)",Â£49.31,One,In stock
Big Little Lies,Â£22.11,One,In stock
Between Shades of Gray,Â£20.79,Five,In stock
Best of My Love (Fool's Gold #20),Â£27.41,Two,In stock
Beowulf,Â£38.35,Two,In stock
Beautiful Creatures (Caster Chronicles #1),Â£21.55,Five,In stock
Awkward,Â£38.02,Two,In stock
Ash,Â£22.06,Four,In stock
Are We There Yet?,Â£10.66,Three,In stock
Are We Smart Enough to Know How Smart Animals Are?,Â£56.58,One,In stock
Annie on My Mind,Â£36.83,Five,In stock
And Then There Were None,Â£35.01,Two,In stock
A Walk in the Woods: Rediscovering America on the Appalachian Trail,Â£30.48,Four,In stock
A Visit from the Goon Squad,Â£14.08,Five,In stock
A Storm of Swords (A Song of Ice and Fire #3),Â£31.22,Two,In stock
A Heartbreaking Work of Staggering Genius,Â£54.29,Five,In stock
8 Keys to Mental Health Through Exercise,Â£31.04,One,In stock
#GIRLBOSS,Â£50.96,One,In stock
"The Suffragettes (Little Black Classics, #96)",Â£11.89,Two,In stock
The Sense of an Ending,Â£31.38,Three,In stock
"The Sandman, Vol. 2: The Doll's House (The Sandman (volumes) #2)",Â£54.81,One,In stock
The Course of Love,Â£16.78,Three,In stock
Sugar Rush (Offensive Line #2),Â£24.42,One,In stock
"Saga, Volume 2 (Saga (Collected Editions) #2)",Â£11.75,Three,In stock
"Run, Spot, Run: The Ethics of Keeping Pets",Â£20.02,One,In stock
New Moon (Twilight #2),Â£12.86,Four,In stock
Life,Â£31.58,Five,In stock
Kindle Paperwhite User's Guide,Â£34.00,Three,In stock
H is for Hawk,Â£57.42,Five,In stock
Girl Online On Tour (Girl Online #2),Â£53.47,One,In stock
"Fruits Basket, Vol. 2 (Fruits Basket #2)",Â£11.64,Five,In stock
Diary of a Minecraft Zombie Book 1: A Scare of a Dare (An Unofficial Minecraft Book),Â£52.88,Four,In stock
"Y: The Last Man, Vol. 1: Unmanned (Y: The Last Man #1)",Â£18.51,Four,In stock
While You Were Mine,Â£41.32,Five,In stock
Where Lightning Strikes (Bleeding Stars #3),Â£39.77,Three,In stock
When I'm Gone,Â£51.96,Three,In stock
Ways of Seeing,Â£39.51,Five,In stock
"Vampire Knight, Vol. 1 (Vampire Knight #1)",Â£15.40,One,In stock
Vampire Girl (Vampire Girl #1),Â£53.82,Two,In stock
Twenty Love Poems and a Song of Despair,Â£30.95,Four,In stock
Travels with Charley: In Search of America,Â£57.82,Five,In stock
Three Wishes (River of Time: California #1),Â£44.18,Two,In stock
This One Moment (Pushing Limits #1),Â£48.71,One,In stock
The Zombie Room,Â£19.69,Five,In stock
"The Wicked + The Divine, Vol. 1: The Faust Act (The Wicked + The Divine)",Â£36.52,Two,In stock
The Tumor,Â£41.56,Five,In stock
The Story of Hong Gildong,Â£43.19,Four,In stock
The Silent Wife,Â£12.34,Five,In stock
The Silent Twin (Detective Jennifer Knight #3),Â£36.25,Three,In stock
The Selfish Gene,Â£29.45,One,In stock
The Secret Healer,Â£34.56,Three,In stock
"The Sandman, Vol. 1: Preludes and Nocturnes (The Sandman (volumes) #1)",Â£54.12,Three,In stock
The Republic,Â£33.78,Three,In stock
The Odyssey,Â£29.64,Three,In stock
The No. 1 Ladies' Detective Agency (No. 1 Ladies' Detective Agency #1),Â£57.70,Four,In stock
The Nicomachean Ethics,Â£36.34,One,In stock
The Name of the Wind (The Kingkiller Chronicle #1),Â£50.59,Three,In stock
The Mirror & the Maze (The Wrath and the Dawn #1.5),Â£29.38,One,In stock
The Little Prince,Â£45.42,Two,In stock
The Light of the Fireflies,Â£54.43,One,In stock
The Last Girl (The Dominion Trilogy #1),Â£36.26,Two,In stock
The Iliad,Â£16.16,One,In stock
The Hook Up (Game On #1),Â£36.29,Five,In stock
The Haters,Â£27.89,Five,In stock
The Girl You Lost,Â£12.29,Five,In stock
The Girl In The Ice (DCI Erika Foster #1),Â£15.85,Three,In stock
The End of the Jesus Era (An Investigation #1),Â£14.40,One,In stock
The Edge of Reason (Bridget Jones #2),Â£19.18,Four,In stock
The Complete Maus (Maus #1-2),Â£10.64,Three,In stock
The Communist Manifesto,Â£14.76,Three,In stock
The Bhagavad Gita,Â£57.49,Three,In stock
The Bette Davis Club,Â£30.66,Three,In stock
The Art of Not Breathing,Â£40.83,Four,In stock
Taking Shots (Assassins #1),Â£18.88,Two,In stock
Starlark,Â£25.83,Three,In stock
"Skip Beat!, Vol. 01 (Skip Beat! #1)",Â£42.12,Three,In stock
Sister Sable (The Mad Queen #1),Â£13.33,Three,In stock
Shatter Me (Shatter Me #1),Â£42.40,One,In stock
Shameless,Â£58.35,Three,In stock
Shadow Rites (Jane Yellowrock #10),Â£21.72,Four,In stock
Settling the Score (The Summer Games #1),Â£44.91,Two,In stock
Sense and Sensibility,Â£37.46,One,In stock
"Saga, Volume 1 (Saga (Collected Editions) #1)",Â£28.48,One,In stock
"Rhythm, Chord & Malykhin",Â£28.34,Two,In stock
"Rat Queens, Vol. 1: Sass & Sorcery (Rat Queens (Collected Editions) #1-5)",Â£46.96,Five,In stock
Paradise Lost (Paradise #1),Â£24.96,One,In stock
"Paper Girls, Vol. 1 (Paper Girls #1-5)",Â£21.71,Four,In stock
"Ouran High School Host Club, Vol. 1 (Ouran High School Host Club #1)",Â£29.87,Three,In stock
Origins (Alphas 0.5),Â£28.99,One,In stock
One Second (Seven #7),Â£52.94,Two,In stock
On the Road (Duluoz Legend),Â£32.36,Three,In stock
Old Records Never Die: One Man's Quest for His Vinyl and His Past,Â£55.66,Two,In stock
Off Sides (Off #1),Â£39.45,Five,In stock
Of Mice and Men,Â£47.11,Two,In stock
Myriad (Prentor #1),Â£58.75,Four,In stock
My Perfect Mistake (Over the Top #1),Â£38.92,Two,In stock
"Ms. Marvel, Vol. 1: No Normal (Ms. Marvel (2014-2015) #1)",Â£39.39,Four,In stock
Meditations,Â£25.89,Two,In stock
Matilda,Â£28.34,One,In stock
Lost Among the Living,Â£27.70,Four,In stock
Lord of the Flies,Â£24.89,Three,In stock
Listen to Me (Fusion #1),Â£58.99,Three,In stock
Kitchens of the Great Midwest,Â£57.20,Five,In stock
Jane Eyre,Â£38.43,Five,In stock
Imperfect Harmony,Â£34.74,Four,In stock
Icing (Aces Hockey #2),Â£40.44,Four,In stock
"Hawkeye, Vol. 1: My Life as a Weapon (Hawkeye #1)",Â£45.24,Three,In stock
Having the Barbarian's Baby (Ice Planet Barbarians #7.5),Â£34.96,Four,In stock
"Giant Days, Vol. 1 (Giant Days #1-4)",Â£56.76,Four,In stock
"Fruits Basket, Vol. 1 (Fruits Basket #1)",Â£40.28,Five,In stock
Frankenstein,Â£38.00,Two,In stock
Forever Rockers (The Rocker #12),Â£28.80,Three,In stock
Fighting Fate (Fighting #6),Â£39.24,Three,In stock
Emma,Â£32.93,Two,In stock
"Eat, Pray, Love",Â£51.32,Three,In stock
Deep Under (Walker Security #1),Â£47.09,Five,In stock
Choosing Our Religion: The Spiritual Lives of America's Nones,Â£28.42,Four,In stock
Charlie and the Chocolate Factory (Charlie Bucket #1),Â£22.85,Three,In stock
Charity's Cross (Charles Towne Belles #4),Â£41.24,One,In stock
Bright Lines,Â£39.07,Five,In stock
Bridget Jones's Diary (Bridget Jones #1),Â£29.82,One,In stock
Bounty (Colorado Mountain #7),Â£37.26,Four,In stock
Blood Defense (Samantha Brinkman #1),Â£20.30,Three,In stock
"Bleach, Vol. 1: Strawberry and the Soul Reapers (Bleach #1)",Â£34.65,Five,In stock
Beyond Good and Evil,Â£43.38,One,In stock
Alice in Wonderland (Alice's Adventures in Wonderland #1),Â£55.53,One,In stock
"Ajin: Demi-Human, Volume 1 (Ajin: Demi-Human #1)",Â£57.06,Four,In stock
A Spy's Devotion (The Regency Spies of London #1),Â£16.97,Five,In stock
1st to Die (Women's Murder Club #1),Â£53.98,One,In stock
"1,000 Places to See Before You Die",Â£26.08,Five,In stock
