Title,Link,Published
Sunday Daily Thread: What's everyone working on this week?,https://www.reddit.com/r/Python/comments/1nmdhrp/sunday_daily_thread_whats_everyone_working_on/,2025-09-21T00:00:32+00:00
Saturday Daily Thread: Resource Request and Sharing! Daily Thread,https://www.reddit.com/r/Python/comments/1nljibj/saturday_daily_thread_resource_request_and/,2025-09-20T00:00:30+00:00
super lightweight stateful flow,https://www.reddit.com/r/Python/comments/1nmgr3q/super_lightweight_stateful_flow/,2025-09-21T02:45:39+00:00
pyya - integrate YAML configurations with your code easily,https://www.reddit.com/r/Python/comments/1nmo8hl/pyya_integrate_yaml_configurations_with_your_code/,2025-09-21T10:12:02+00:00
duvc-ctl Windows library for UVC camera control and Property control,https://www.reddit.com/r/Python/comments/1nmio5b/duvcctl_windows_library_for_uvc_camera_control/,2025-09-21T04:30:25+00:00
Tines API Wrapper,https://www.reddit.com/r/Python/comments/1nlze8r/tines_api_wrapper/,2025-09-20T14:18:42+00:00
VaultBuddy - CLI secrets manager with Argon2id + AES-256-GCM (Python),https://www.reddit.com/r/Python/comments/1nmhcm7/vaultbuddy_cli_secrets_manager_with_argon2id/,2025-09-21T03:17:26+00:00
Cosmic Django: Architecture Patterns,https://www.reddit.com/r/Python/comments/1nm04o4/cosmic_django_architecture_patterns/,2025-09-20T14:48:16+00:00
Why isn't the copy() method part of the Sequence and MutableSequence ABCs?,https://www.reddit.com/r/Python/comments/1nllur9/why_isnt_the_copy_method_part_of_the_sequence_and/,2025-09-20T01:55:01+00:00
"Scintilla, Qt and alternative text editor widgets",https://www.reddit.com/r/Python/comments/1nltf58/scintilla_qt_and_alternative_text_editor_widgets/,2025-09-20T09:10:44+00:00
FYI: PEP 2026 (CalVer) was shot down back in February - no jumping from 3.14.y to 3.25.y or 2025.x.y,https://www.reddit.com/r/Python/comments/1nl0x1p/fyi_pep_2026_calver_was_shot_down_back_in/,2025-09-19T11:24:52+00:00
"it's not always about django vs fastapi/flask, you can use both",https://www.reddit.com/r/Python/comments/1nlw9dz/its_not_always_about_django_vs_fastapiflask_you/,2025-09-20T11:56:18+00:00
Weird event loop/closure error?,https://www.reddit.com/r/Python/comments/1nlqcrz/weird_event_loopclosure_error/,2025-09-20T05:59:11+00:00
DBMS based on python dictionarys,https://www.reddit.com/r/Python/comments/1nm3in3/dbms_based_on_python_dictionarys/,2025-09-20T17:01:36+00:00
I just released reaktiv v0.19.2 with LinkedSignals! Let me explain what Signals even are,https://www.reddit.com/r/Python/comments/1nl9f0h/i_just_released_reaktiv_v0192_with_linkedsignals/,2025-09-19T17:11:47+00:00
enso: A functional programming framework for Python,https://www.reddit.com/r/Python/comments/1nksvm0/enso_a_functional_programming_framework_for_python/,2025-09-19T03:29:06+00:00
A script to get songs from a playlist with matching total length,https://www.reddit.com/r/Python/comments/1nl4bxv/a_script_to_get_songs_from_a_playlist_with/,2025-09-19T13:58:47+00:00
Today I learned that Python doesn't care about how many spaces you indent as long as it's consistent,https://www.reddit.com/r/Python/comments/1nkidxq/today_i_learned_that_python_doesnt_care_about_how/,2025-09-18T19:49:56+00:00
Introducing 'Drawn' - A super simple text-to-diagram tool,https://www.reddit.com/r/Python/comments/1nl5x5g/introducing_drawn_a_super_simple_texttodiagram/,2025-09-19T15:00:44+00:00
Fake OS - Worth making?,https://www.reddit.com/r/Python/comments/1nlwpe8/fake_os_worth_making/,2025-09-20T12:18:48+00:00
Idea for Open Source package,https://www.reddit.com/r/Python/comments/1nlwdh0/idea_for_open_source_package/,2025-09-20T12:02:03+00:00
"Pure Python Cryptographic Commitment Scheme: General Purpose, Offline-Capable, Zero Dependencies",https://www.reddit.com/r/Python/comments/1nlvv14/pure_python_cryptographic_commitment_scheme/,2025-09-20T11:35:28+00:00
T-Strings: What will you do?,https://www.reddit.com/r/Python/comments/1nkq8pt/tstrings_what_will_you_do/,2025-09-19T01:22:59+00:00
Built a real-time debugging dashboard that works with any FastAPI app,https://www.reddit.com/r/Python/comments/1nl14dr/built_a_realtime_debugging_dashboard_that_works/,2025-09-19T11:35:38+00:00
Python Context Managers 101,https://www.reddit.com/r/Python/comments/1nld9qx/python_context_managers_101/,2025-09-19T19:38:14+00:00
BleScope - Like a telescope for Bluetooth Low energy devices ðŸ”­,https://www.reddit.com/r/Python/comments/1nl9tk6/blescope_like_a_telescope_for_bluetooth_low/,2025-09-19T17:27:06+00:00
What should I do to start earning fast ?,https://www.reddit.com/r/Python/comments/1nlux1e/what_should_i_do_to_start_earning_fast/,2025-09-20T10:42:28+00:00
